{
  "project_info": {
    "project_number": "140980877521",
    "project_id": "tutorlink-c89fe",
    "storage_bucket": "tutorlink-c89fe.firebasestorage.app"
  },
  "client": [
    {
      "client_info": {
        "mobilesdk_app_id": "1:140980877521:android:0d58e086c171aeb0ab6df0",
        "android_client_info": {
          "package_name": "ell.one.tutorlink"
        }
      },
      "oauth_client": [],
      "api_key": [
        {
          "current_key": "AIzaSyBm9gu0av4ALDOiJd6h1hcjwp9AjHbXOVc"
        }
      ],
      "services": {
        "appinvite_service": {
          "other_platform_oauth_client": []
        }
      }
    }
  ],
  "configuration_version": "1"
}